-- phpMyAdmin SQL Dump
-- version 5.2.1
-- https://www.phpmyadmin.net/
--
-- Host: 127.0.0.1
-- Generation Time: Feb 19, 2025 at 07:26 AM
-- Server version: 10.4.32-MariaDB
-- PHP Version: 8.2.12

SET SQL_MODE = "NO_AUTO_VALUE_ON_ZERO";
START TRANSACTION;
SET time_zone = "+00:00";


/*!40101 SET @OLD_CHARACTER_SET_CLIENT=@@CHARACTER_SET_CLIENT */;
/*!40101 SET @OLD_CHARACTER_SET_RESULTS=@@CHARACTER_SET_RESULTS */;
/*!40101 SET @OLD_COLLATION_CONNECTION=@@COLLATION_CONNECTION */;
/*!40101 SET NAMES utf8mb4 */;

--
-- Database: `construction`
--

-- --------------------------------------------------------

--
-- Table structure for table `bookings`
--

CREATE TABLE `bookings` (
  `id` int(11) NOT NULL,
  `client_id` int(11) NOT NULL,
  `date` date NOT NULL
) ENGINE=InnoDB DEFAULT CHARSET=utf8mb4 COLLATE=utf8mb4_general_ci;

--
-- Dumping data for table `bookings`
--

INSERT INTO `bookings` (`id`, `client_id`, `date`) VALUES
(4, 2, '2025-02-20'),
(5, 3, '2025-02-24');

-- --------------------------------------------------------

--
-- Table structure for table `bookingservices`
--

CREATE TABLE `bookingservices` (
  `id` int(11) NOT NULL,
  `booking_id` int(11) NOT NULL,
  `service_id` int(11) NOT NULL,
  `hours` int(11) NOT NULL
) ENGINE=InnoDB DEFAULT CHARSET=utf8mb4 COLLATE=utf8mb4_general_ci;

--
-- Dumping data for table `bookingservices`
--

INSERT INTO `bookingservices` (`id`, `booking_id`, `service_id`, `hours`) VALUES
(1, 4, 2, 1),
(2, 5, 1, 1),
(3, 5, 2, 1);

-- --------------------------------------------------------

--
-- Table structure for table `clients`
--

CREATE TABLE `clients` (
  `id` int(11) NOT NULL,
  `name` varchar(100) NOT NULL,
  `contact_info` varchar(100) NOT NULL
) ENGINE=InnoDB DEFAULT CHARSET=utf8mb4 COLLATE=utf8mb4_general_ci;

--
-- Dumping data for table `clients`
--

INSERT INTO `clients` (`id`, `name`, `contact_info`) VALUES
(1, 'Patrick June', '09106408398'),
(2, 'PJ', '09106408398'),
(3, 'Brent', '09106408398');

-- --------------------------------------------------------

--
-- Table structure for table `inventory`
--

CREATE TABLE `inventory` (
  `id` int(11) NOT NULL,
  `service_id` int(11) NOT NULL,
  `tool_name` varchar(100) NOT NULL
) ENGINE=InnoDB DEFAULT CHARSET=utf8mb4 COLLATE=utf8mb4_general_ci;

--
-- Dumping data for table `inventory`
--

INSERT INTO `inventory` (`id`, `service_id`, `tool_name`) VALUES
(1, 1, 'wire'),
(2, 2, 'chisels');

-- --------------------------------------------------------

--
-- Table structure for table `payments`
--

CREATE TABLE `payments` (
  `id` int(11) NOT NULL,
  `booking_id` int(11) NOT NULL,
  `amount_paid` decimal(10,2) NOT NULL,
  `payment_date` date NOT NULL
) ENGINE=InnoDB DEFAULT CHARSET=utf8mb4 COLLATE=utf8mb4_general_ci;

--
-- Dumping data for table `payments`
--

INSERT INTO `payments` (`id`, `booking_id`, `amount_paid`, `payment_date`) VALUES
(2, 4, 100.00, '2025-02-21');

-- --------------------------------------------------------

--
-- Table structure for table `services`
--

CREATE TABLE `services` (
  `id` int(11) NOT NULL,
  `name` varchar(100) NOT NULL,
  `hourly_rate` decimal(10,2) NOT NULL
) ENGINE=InnoDB DEFAULT CHARSET=utf8mb4 COLLATE=utf8mb4_general_ci;

--
-- Dumping data for table `services`
--

INSERT INTO `services` (`id`, `name`, `hourly_rate`) VALUES
(1, 'Electrical ', 1000.00),
(2, 'carpentry', 1000.00);

--
-- Indexes for dumped tables
--

--
-- Indexes for table `bookings`
--
ALTER TABLE `bookings`
  ADD PRIMARY KEY (`id`),
  ADD KEY `client_id` (`client_id`);

--
-- Indexes for table `bookingservices`
--
ALTER TABLE `bookingservices`
  ADD PRIMARY KEY (`id`),
  ADD KEY `booking_id` (`booking_id`),
  ADD KEY `service_id` (`service_id`);

--
-- Indexes for table `clients`
--
ALTER TABLE `clients`
  ADD PRIMARY KEY (`id`);

--
-- Indexes for table `inventory`
--
ALTER TABLE `inventory`
  ADD PRIMARY KEY (`id`),
  ADD KEY `service_id` (`service_id`);

--
-- Indexes for table `payments`
--
ALTER TABLE `payments`
  ADD PRIMARY KEY (`id`),
  ADD KEY `booking_id` (`booking_id`);

--
-- Indexes for table `services`
--
ALTER TABLE `services`
  ADD PRIMARY KEY (`id`);

--
-- AUTO_INCREMENT for dumped tables
--

--
-- AUTO_INCREMENT for table `bookings`
--
ALTER TABLE `bookings`
  MODIFY `id` int(11) NOT NULL AUTO_INCREMENT, AUTO_INCREMENT=6;

--
-- AUTO_INCREMENT for table `bookingservices`
--
ALTER TABLE `bookingservices`
  MODIFY `id` int(11) NOT NULL AUTO_INCREMENT, AUTO_INCREMENT=4;

--
-- AUTO_INCREMENT for table `clients`
--
ALTER TABLE `clients`
  MODIFY `id` int(11) NOT NULL AUTO_INCREMENT, AUTO_INCREMENT=4;

--
-- AUTO_INCREMENT for table `inventory`
--
ALTER TABLE `inventory`
  MODIFY `id` int(11) NOT NULL AUTO_INCREMENT, AUTO_INCREMENT=3;

--
-- AUTO_INCREMENT for table `payments`
--
ALTER TABLE `payments`
  MODIFY `id` int(11) NOT NULL AUTO_INCREMENT, AUTO_INCREMENT=3;

--
-- AUTO_INCREMENT for table `services`
--
ALTER TABLE `services`
  MODIFY `id` int(11) NOT NULL AUTO_INCREMENT, AUTO_INCREMENT=3;

--
-- Constraints for dumped tables
--

--
-- Constraints for table `bookings`
--
ALTER TABLE `bookings`
  ADD CONSTRAINT `bookings_ibfk_1` FOREIGN KEY (`client_id`) REFERENCES `clients` (`id`);

--
-- Constraints for table `bookingservices`
--
ALTER TABLE `bookingservices`
  ADD CONSTRAINT `bookingservices_ibfk_1` FOREIGN KEY (`booking_id`) REFERENCES `bookings` (`id`),
  ADD CONSTRAINT `bookingservices_ibfk_2` FOREIGN KEY (`service_id`) REFERENCES `services` (`id`);

--
-- Constraints for table `inventory`
--
ALTER TABLE `inventory`
  ADD CONSTRAINT `inventory_ibfk_1` FOREIGN KEY (`service_id`) REFERENCES `services` (`id`);

--
-- Constraints for table `payments`
--
ALTER TABLE `payments`
  ADD CONSTRAINT `payments_ibfk_1` FOREIGN KEY (`booking_id`) REFERENCES `bookings` (`id`);
COMMIT;

/*!40101 SET CHARACTER_SET_CLIENT=@OLD_CHARACTER_SET_CLIENT */;
/*!40101 SET CHARACTER_SET_RESULTS=@OLD_CHARACTER_SET_RESULTS */;
/*!40101 SET COLLATION_CONNECTION=@OLD_COLLATION_CONNECTION */;
